E,nu,u_max
19.4606, 0.45120, 2.5
18.69744, 0.45120, 2.55
19.07902, 0.46022, 2.45
19.07902, 0.44217, 2.48
