E_LA,nu_LA
18.68660251944297,0.4205572107878133
17.311031829145954,0.3732703287691476
13.854632870813727,0.35880438587484037
21.93956987537523,0.4460683186055735
15.38049534043039,0.4213387676768376
23.694065353344378,0.28793740709903154
20.71787884045163,0.3895043515016283
19.493445156398955,0.4767652569703834
25.503678603046556,0.3172985152676294
12.70714390734394,0.3302069512329075
